{
  "bobinette@test.test": {
    "age": 34
  },
  "bob@test.test": {
    "age": 23,
    "geography": [
      -73.49957809448335,
      45.49518703233312
    ]
  }
}